{
  "feed": [
    {
      "name": "PizzaShop",
      "desc": "",
      "product": "Pizza",
      "price": 456,
      "rating": 4.5,
      "imageUrl": "/assets/img/restuarant/pizzashop.jpg",
      "id": 1
    },
    {
      "name": "PizzaShop",
      "desc": "",
      "product": "Pizza",
      "price": 456,
      "rating": 4.5,
      "imageUrl": "/assets/img/restuarant/pizzashop.jpg",
      "id": 2
    }
  ],
  "users": [
    {
      "email": "example@example.com",
      "password": "$2a$10$PVy1GmX8ksLTwEQS95pw7up/IdNcleAZEg0opBenNeI6ODErM9UBK",
      "id": 1
    },
    {
      "email": "example1@example.com",
      "password": "$2a$10$/wkx3hykO.vUuShzPFVoy.Ryz1twuOec6cx9OLValLChIRHUb5KDC",
      "name": "praveen",
      "address": [],
      "id": 2
    }
  ]
}